Time(s), State, X, Y, Z, VelMag, DistToSphereCenter
0.00, 0, 22.00, 0.00, 0.00, 0.00, 54.63
0.10, 0, 22.00, 0.00, 0.00, 0.00, 54.63
0.20, 0, 22.00, 0.00, 0.00, 0.00, 54.63
0.30, 0, 22.00, 0.00, 0.00, 0.00, 54.63
0.40, 0, 22.00, 0.00, 0.00, 0.00, 54.63
0.50, 0, 22.00, 0.00, 0.00, 0.00, 54.63
0.60, 0, 22.00, 0.00, 0.00, 0.00, 54.63
0.70, 0, 22.00, 0.00, 0.00, 0.00, 54.63
0.80, 0, 22.00, 0.00, 0.00, 0.00, 54.63
0.90, 0, 22.00, 0.00, 0.00, 0.00, 54.63
1.00, 0, 22.00, 0.00, 0.00, 0.00, 54.63
1.10, 0, 22.00, 0.00, 0.00, 0.00, 54.63
1.20, 0, 22.00, 0.00, 0.00, 0.00, 54.63
1.30, 0, 22.00, 0.00, 0.00, 0.00, 54.63
1.40, 0, 22.00, 0.00, 0.00, 0.00, 54.63
1.50, 0, 22.00, 0.00, 0.00, 0.00, 54.63
1.60, 0, 22.00, 0.00, 0.00, 0.00, 54.63
1.70, 0, 22.00, 0.00, 0.00, 0.00, 54.63
1.80, 0, 22.00, 0.00, 0.00, 0.00, 54.63
1.90, 0, 22.00, 0.00, 0.00, 0.00, 54.63
2.00, 0, 22.00, 0.00, 0.00, 0.00, 54.63
2.10, 0, 22.00, 0.00, 0.00, 0.00, 54.63
2.20, 0, 22.00, 0.00, 0.00, 0.00, 54.63
2.30, 0, 22.00, 0.00, 0.00, 0.00, 54.63
2.40, 0, 22.00, 0.00, 0.00, 0.00, 54.63
2.50, 0, 22.00, 0.00, 0.00, 0.00, 54.63
2.60, 0, 22.00, 0.00, 0.00, 0.00, 54.63
2.70, 0, 22.00, 0.00, 0.00, 0.00, 54.63
2.80, 0, 22.00, 0.00, 0.00, 0.00, 54.63
2.90, 0, 22.00, 0.00, 0.00, 0.00, 54.63
3.00, 0, 22.00, 0.00, 0.00, 0.00, 54.63
3.10, 0, 22.00, 0.00, 0.00, 0.00, 54.63
3.20, 0, 22.00, 0.00, 0.00, 0.00, 54.63
3.30, 0, 22.00, 0.00, 0.00, 0.00, 54.63
3.40, 0, 22.00, 0.00, 0.00, 0.00, 54.63
3.50, 0, 22.00, 0.00, 0.00, 0.00, 54.63
3.60, 0, 22.00, 0.00, 0.00, 0.00, 54.63
3.70, 0, 22.00, 0.00, 0.00, 0.00, 54.63
3.80, 0, 22.00, 0.00, 0.00, 0.00, 54.63
3.90, 0, 22.00, 0.00, 0.00, 0.00, 54.63
4.00, 0, 22.00, 0.00, 0.00, 0.00, 54.63
4.10, 0, 22.00, 0.00, 0.00, 0.00, 54.63
4.20, 0, 22.00, 0.00, 0.00, 0.00, 54.63
4.30, 0, 22.00, 0.00, 0.00, 0.00, 54.63
4.40, 0, 22.00, 0.00, 0.00, 0.00, 54.63
4.50, 0, 22.00, 0.00, 0.00, 0.00, 54.63
4.60, 0, 22.00, 0.00, 0.00, 0.00, 54.63
4.70, 1, 22.00, 0.00, 0.00, 0.00, 54.63
4.80, 1, 21.97, 0.00, 0.04, 1.10, 54.57
4.90, 1, 21.89, 0.00, 0.18, 2.07, 54.41
5.00, 1, 21.81, 0.00, 0.37, 1.93, 54.21
5.10, 1, 21.73, 0.00, 0.55, 2.07, 54.01
5.20, 1, 21.65, 0.00, 0.73, 1.93, 53.81
5.30, 1, 21.57, 0.00, 0.92, 2.07, 53.61
5.40, 1, 21.49, 0.00, 1.10, 1.93, 53.41
5.50, 1, 21.41, 0.00, 1.28, 2.07, 53.21
5.60, 1, 21.33, 0.00, 1.46, 1.93, 53.01
5.70, 1, 21.25, 0.00, 1.65, 2.07, 52.81
5.80, 1, 21.17, 0.00, 1.83, 1.93, 52.61
5.90, 1, 21.09, 0.00, 2.01, 2.07, 52.41
6.00, 1, 21.01, 0.00, 2.20, 1.93, 52.21
6.10, 1, 20.93, 0.00, 2.38, 2.07, 52.01
6.20, 1, 20.85, 0.00, 2.56, 1.93, 51.81
6.30, 1, 20.77, 0.00, 2.75, 2.07, 51.61
6.40, 1, 20.68, 0.00, 2.93, 1.93, 51.41
6.50, 1, 20.60, 0.00, 3.11, 2.07, 51.21
6.60, 1, 20.52, 0.00, 3.30, 1.93, 51.01
6.70, 1, 20.44, 0.00, 3.48, 2.07, 50.81
6.80, 1, 20.36, 0.00, 3.66, 1.93, 50.61
6.90, 1, 20.28, 0.00, 3.85, 2.07, 50.41
7.00, 1, 20.20, 0.00, 4.03, 1.93, 50.21
7.10, 1, 20.12, 0.00, 4.21, 2.07, 50.01
7.20, 1, 20.04, 0.00, 4.39, 1.93, 49.81
7.30, 1, 19.96, 0.00, 4.58, 2.07, 49.61
7.40, 1, 19.88, 0.00, 4.76, 1.93, 49.41
7.50, 1, 19.80, 0.00, 4.94, 2.07, 49.21
7.60, 1, 19.72, 0.00, 5.13, 1.93, 49.01
7.70, 1, 19.64, 0.00, 5.31, 2.07, 48.81
7.80, 1, 19.56, 0.00, 5.49, 1.93, 48.61
7.90, 1, 19.48, 0.00, 5.68, 2.07, 48.41
8.00, 1, 19.40, 0.00, 5.86, 1.93, 48.21
8.10, 1, 19.32, 0.00, 6.04, 2.07, 48.01
8.20, 1, 19.24, 0.00, 6.23, 1.93, 47.81
8.30, 1, 19.16, 0.00, 6.41, 2.07, 47.61
8.40, 1, 19.08, 0.00, 6.59, 1.93, 47.41
8.50, 1, 18.99, 0.00, 6.77, 2.07, 47.21
8.60, 1, 18.91, 0.00, 6.96, 1.93, 47.01
8.70, 1, 18.83, 0.00, 7.14, 2.07, 46.81
8.80, 1, 18.75, 0.00, 7.32, 1.93, 46.61
8.90, 1, 18.67, 0.00, 7.51, 2.07, 46.41
9.00, 1, 18.59, 0.00, 7.69, 1.93, 46.21
9.10, 1, 18.51, 0.00, 7.87, 2.07, 46.01
9.20, 1, 18.43, 0.00, 8.06, 1.93, 45.81
9.30, 1, 18.35, 0.00, 8.24, 2.07, 45.61
9.40, 1, 18.27, 0.00, 8.42, 1.93, 45.41
9.50, 1, 18.19, 0.00, 8.61, 2.07, 45.21
9.60, 1, 18.11, 0.00, 8.79, 1.93, 45.01
9.70, 1, 18.03, 0.00, 8.97, 2.07, 44.81
9.80, 1, 17.95, 0.00, 9.15, 1.93, 44.61
9.90, 1, 17.87, 0.00, 9.34, 2.07, 44.41
10.00, 1, 17.79, 0.00, 9.52, 1.93, 44.21
10.10, 1, 17.71, 0.00, 9.70, 2.07, 44.01
10.20, 1, 17.63, 0.00, 9.89, 1.93, 43.81
10.30, 1, 17.55, 0.00, 10.07, 2.07, 43.61
10.40, 1, 17.47, 0.00, 10.25, 1.93, 43.41
10.50, 1, 17.39, 0.00, 10.44, 2.07, 43.21
10.60, 1, 17.31, 0.00, 10.62, 1.93, 43.01
10.70, 1, 17.22, 0.00, 10.80, 2.07, 42.81
10.80, 1, 17.14, 0.00, 10.99, 1.93, 42.61
10.90, 1, 17.06, 0.00, 11.17, 2.07, 42.41
11.00, 1, 16.98, 0.00, 11.35, 1.93, 42.21
11.10, 1, 16.90, 0.00, 11.54, 2.07, 42.01
11.20, 1, 16.82, 0.00, 11.72, 1.93, 41.81
11.30, 1, 16.74, 0.00, 11.90, 2.07, 41.61
11.40, 1, 16.66, 0.00, 12.08, 1.93, 41.41
11.50, 1, 16.58, 0.00, 12.27, 2.07, 41.21
11.60, 1, 16.50, 0.00, 12.45, 1.93, 41.01
11.70, 1, 16.42, 0.00, 12.63, 2.07, 40.81
11.80, 1, 16.34, 0.00, 12.82, 1.93, 40.61
11.90, 1, 16.26, 0.00, 13.00, 2.07, 40.41
12.00, 1, 16.18, 0.00, 13.18, 1.93, 40.21
12.10, 1, 16.10, 0.00, 13.37, 2.07, 40.01
12.20, 1, 16.02, 0.00, 13.55, 1.93, 39.81
12.30, 1, 15.94, 0.00, 13.73, 2.07, 39.61
12.40, 1, 15.86, 0.00, 13.92, 1.93, 39.41
12.50, 1, 15.78, 0.00, 14.10, 2.07, 39.21
12.60, 1, 15.70, 0.00, 14.28, 1.93, 39.01
12.70, 1, 15.62, 0.00, 14.46, 2.07, 38.81
12.80, 1, 15.54, 0.00, 14.65, 1.93, 38.61
12.90, 1, 15.45, 0.00, 14.83, 2.07, 38.41
13.00, 1, 15.37, 0.00, 15.01, 1.93, 38.21
13.10, 1, 15.29, 0.00, 15.20, 2.07, 38.01
13.20, 1, 15.21, 0.00, 15.38, 1.93, 37.81
13.30, 1, 15.13, 0.00, 15.56, 2.07, 37.61
13.40, 1, 15.05, 0.00, 15.75, 1.93, 37.41
13.50, 1, 14.97, 0.00, 15.93, 2.07, 37.21
13.60, 1, 14.89, 0.00, 16.11, 1.93, 37.01
13.70, 1, 14.81, 0.00, 16.30, 2.07, 36.81
13.80, 1, 14.73, 0.00, 16.48, 1.93, 36.61
13.90, 1, 14.65, 0.00, 16.66, 2.07, 36.41
14.00, 1, 14.57, 0.00, 16.85, 1.93, 36.21
14.10, 1, 14.49, 0.00, 17.03, 2.07, 36.01
14.20, 1, 14.41, 0.00, 17.21, 1.93, 35.81
14.30, 1, 14.33, 0.00, 17.39, 2.07, 35.61
14.40, 1, 14.25, 0.00, 17.58, 1.93, 35.41
14.50, 1, 14.17, 0.00, 17.76, 2.07, 35.21
14.60, 1, 14.09, 0.00, 17.94, 1.93, 35.01
14.70, 1, 14.01, 0.00, 18.13, 2.07, 34.81
14.80, 1, 13.93, 0.00, 18.31, 1.93, 34.61
14.90, 1, 13.85, 0.00, 18.49, 2.07, 34.41
15.00, 1, 13.76, 0.00, 18.68, 1.93, 34.21
15.10, 1, 13.68, 0.00, 18.86, 2.07, 34.01
15.20, 1, 13.60, 0.00, 19.04, 1.93, 33.81
15.30, 1, 13.52, 0.00, 19.23, 2.07, 33.61
15.40, 1, 13.44, 0.00, 19.41, 1.93, 33.41
15.50, 1, 13.36, 0.00, 19.59, 2.07, 33.21
15.60, 1, 13.28, 0.00, 19.77, 1.93, 33.01
15.70, 1, 13.20, 0.00, 19.96, 2.07, 32.81
15.80, 1, 13.12, 0.00, 20.14, 1.93, 32.61
15.90, 1, 13.04, 0.00, 20.32, 2.07, 32.41
16.00, 1, 12.96, 0.00, 20.51, 1.93, 32.21
16.10, 1, 12.88, 0.00, 20.69, 2.07, 32.01
16.20, 1, 12.80, 0.00, 20.87, 1.93, 31.81
16.30, 1, 12.72, 0.00, 21.06, 2.07, 31.61
16.40, 1, 12.64, 0.00, 21.24, 1.93, 31.41
16.50, 1, 12.56, 0.00, 21.42, 2.07, 31.21
16.60, 1, 12.48, 0.00, 21.61, 1.93, 31.01
16.70, 1, 12.40, 0.00, 21.79, 2.07, 30.81
16.80, 1, 12.32, 0.00, 21.97, 1.93, 30.61
16.90, 1, 12.24, 0.00, 22.16, 2.07, 30.41
17.00, 1, 12.16, 0.00, 22.34, 1.93, 30.21
17.10, 1, 12.08, 0.00, 22.52, 2.07, 30.01
17.20, 1, 11.99, 0.00, 22.70, 1.93, 29.81
17.30, 1, 11.91, 0.00, 22.89, 2.07, 29.61
17.40, 1, 11.83, 0.00, 23.07, 1.93, 29.41
17.50, 1, 11.75, 0.00, 23.25, 2.07, 29.21
17.60, 1, 11.67, 0.00, 23.44, 1.93, 29.01
17.70, 1, 11.59, 0.00, 23.62, 2.07, 28.81
17.80, 1, 11.51, 0.00, 23.80, 1.93, 28.61
17.90, 1, 11.43, 0.00, 23.99, 2.07, 28.41
18.00, 1, 11.35, 0.00, 24.17, 1.93, 28.21
18.10, 1, 11.27, 0.00, 24.35, 2.07, 28.01
18.20, 1, 11.19, 0.00, 24.54, 1.93, 27.81
18.30, 1, 11.11, 0.00, 24.72, 2.07, 27.61
18.40, 1, 11.03, 0.00, 24.90, 1.93, 27.41
18.50, 1, 10.95, 0.00, 25.08, 2.07, 27.21
18.60, 1, 10.87, 0.00, 25.27, 1.93, 27.01
18.70, 1, 10.79, 0.00, 25.45, 2.07, 26.81
18.80, 1, 10.71, 0.00, 25.63, 1.93, 26.61
18.90, 1, 10.63, 0.00, 25.82, 2.07, 26.41
19.00, 1, 10.55, 0.00, 26.00, 1.93, 26.21
19.10, 1, 10.47, 0.00, 26.18, 2.07, 26.01
19.20, 1, 10.39, 0.00, 26.37, 1.93, 25.81
19.30, 1, 10.31, 0.00, 26.55, 2.07, 25.61
19.40, 1, 10.22, 0.00, 26.73, 1.93, 25.41
19.50, 1, 10.14, 0.00, 26.92, 2.07, 25.21
19.60, 1, 10.06, 0.00, 27.10, 1.93, 25.01
19.70, 1, 9.98, 0.00, 27.28, 2.07, 24.81
19.80, 1, 9.90, 0.00, 27.47, 1.93, 24.61
19.90, 1, 9.82, 0.00, 27.65, 2.07, 24.41
20.00, 1, 9.74, 0.00, 27.83, 1.93, 24.21
20.10, 1, 9.66, 0.00, 28.01, 2.07, 24.01
20.20, 1, 9.58, 0.00, 28.20, 1.93, 23.81
20.30, 1, 9.50, 0.00, 28.38, 2.07, 23.61
20.40, 1, 9.42, 0.00, 28.56, 1.93, 23.41
20.50, 1, 9.34, 0.00, 28.75, 2.07, 23.21
20.60, 1, 9.26, 0.00, 28.93, 1.93, 23.01
20.70, 1, 9.18, 0.00, 29.11, 2.07, 22.81
20.80, 1, 9.10, 0.00, 29.30, 1.93, 22.61
20.90, 1, 9.02, 0.00, 29.48, 2.07, 22.41
21.00, 1, 8.94, 0.00, 29.66, 1.93, 22.21
21.10, 1, 8.86, 0.00, 29.85, 2.07, 22.01
21.20, 1, 8.78, 0.00, 30.03, 1.93, 21.81
21.30, 1, 8.70, 0.00, 30.21, 2.07, 21.61
21.40, 1, 8.62, 0.00, 30.39, 1.93, 21.41
21.50, 1, 8.53, 0.00, 30.58, 2.07, 21.21
21.60, 1, 8.45, 0.00, 30.76, 1.93, 21.01
21.70, 1, 8.37, 0.00, 30.94, 2.07, 20.81
21.80, 1, 8.29, 0.00, 31.13, 1.93, 20.61
21.90, 1, 8.21, 0.00, 31.31, 2.07, 20.41
22.00, 1, 8.13, 0.00, 31.49, 1.93, 20.21
22.10, 1, 8.05, 0.00, 31.68, 2.07, 20.01
22.20, 1, 7.97, 0.00, 31.86, 1.93, 19.81
22.30, 1, 7.89, 0.00, 32.04, 2.07, 19.61
22.40, 1, 7.81, 0.00, 32.23, 1.93, 19.41
22.50, 1, 7.73, 0.00, 32.41, 2.07, 19.21
22.60, 1, 7.65, 0.00, 32.59, 1.93, 19.01
22.70, 1, 7.57, 0.00, 32.77, 2.07, 18.81
22.80, 1, 7.49, 0.00, 32.96, 1.93, 18.61
22.90, 1, 7.41, 0.00, 33.14, 2.07, 18.41
23.00, 1, 7.33, 0.00, 33.32, 1.93, 18.21
23.10, 1, 7.25, 0.00, 33.51, 2.07, 18.01
23.20, 1, 7.17, 0.00, 33.69, 1.93, 17.81
23.30, 1, 7.09, 0.00, 33.87, 2.07, 17.61
23.40, 1, 7.01, 0.00, 34.06, 1.93, 17.41
23.50, 1, 6.93, 0.00, 34.24, 2.07, 17.21
23.60, 1, 6.85, 0.00, 34.42, 1.93, 17.01
23.70, 1, 6.76, 0.00, 34.61, 2.07, 16.81
23.80, 1, 6.68, 0.00, 34.79, 1.93, 16.61
23.90, 1, 6.60, 0.00, 34.97, 2.07, 16.41
24.00, 1, 6.52, 0.00, 35.16, 1.93, 16.21
24.10, 1, 6.44, 0.00, 35.34, 2.07, 16.01
24.20, 1, 6.36, 0.00, 35.52, 1.93, 15.81
24.30, 1, 6.28, 0.00, 35.70, 2.07, 15.61
24.40, 1, 6.20, 0.00, 35.89, 1.93, 15.41
24.50, 1, 6.12, 0.00, 36.07, 2.07, 15.21
24.60, 1, 6.04, 0.00, 36.25, 1.93, 15.01
24.70, 1, 5.96, 0.00, 36.44, 2.07, 14.81
24.80, 1, 5.88, 0.00, 36.62, 1.93, 14.61
24.90, 1, 5.80, 0.00, 36.80, 2.07, 14.41
25.00, 1, 5.72, 0.00, 36.99, 1.93, 14.21
25.10, 1, 5.64, 0.00, 37.17, 2.07, 14.01
25.20, 1, 5.56, 0.00, 37.35, 1.93, 13.81
25.30, 1, 5.48, 0.00, 37.54, 2.07, 13.61
25.40, 1, 5.40, 0.00, 37.72, 1.93, 13.41
25.50, 1, 5.32, 0.00, 37.90, 2.07, 13.21
25.60, 1, 5.24, 0.00, 38.08, 1.93, 13.01
25.70, 1, 5.16, 0.00, 38.27, 2.07, 12.81
25.80, 1, 5.08, 0.00, 38.45, 1.93, 12.61
25.90, 1, 4.99, 0.00, 38.63, 2.07, 12.41
26.00, 1, 4.91, 0.00, 38.82, 1.93, 12.21
26.10, 1, 4.83, 0.00, 39.00, 2.07, 12.01
26.20, 1, 4.75, 0.00, 39.18, 1.93, 11.81
26.30, 1, 4.67, 0.00, 39.37, 2.07, 11.61
26.40, 1, 4.59, 0.00, 39.55, 1.93, 11.41
26.50, 1, 4.51, 0.00, 39.73, 2.07, 11.21
26.60, 1, 4.43, 0.00, 39.92, 1.93, 11.01
26.70, 1, 4.35, 0.00, 40.10, 2.07, 10.81
26.80, 1, 4.27, 0.00, 40.28, 1.93, 10.61
26.90, 1, 4.19, 0.00, 40.47, 2.07, 10.41
27.00, 1, 4.11, 0.00, 40.65, 1.93, 10.21
27.10, 1, 4.03, 0.00, 40.83, 2.07, 10.01
27.20, 1, 3.95, 0.00, 41.01, 1.93, 9.81
27.30, 2, 3.94, 0.00, 41.02, 0.15, 9.81
27.40, 2, 3.98, -0.00, 40.89, 2.80, 9.94
27.50, 2, 4.02, 0.01, 40.66, 1.85, 10.16
27.60, 2, 3.98, 0.03, 40.52, 1.22, 10.28
27.70, 2, 3.87, 0.05, 40.46, 1.61, 10.29
27.80, 2, 3.68, 0.07, 40.49, 2.41, 10.20
27.90, 2, 3.46, 0.10, 40.46, 2.36, 10.15
28.00, 2, 3.28, 0.14, 40.29, 2.85, 10.25
28.10, 2, 3.07, 0.20, 40.12, 2.75, 10.35
28.20, 2, 2.80, 0.26, 40.04, 2.99, 10.35
28.30, 2, 2.49, 0.31, 40.06, 3.49, 10.25
28.40, 2, 2.15, 0.34, 40.07, 3.36, 10.17
28.50, 2, 1.81, 0.33, 39.97, 3.79, 10.20
28.60, 2, 1.46, 0.30, 39.86, 3.68, 10.25
28.70, 2, 1.08, 0.26, 39.85, 4.01, 10.21
28.80, 2, 0.66, 0.22, 39.93, 4.63, 10.10
28.90, 2, 0.23, 0.19, 39.91, 4.46, 10.09
29.00, 2, -0.18, 0.20, 39.77, 4.29, 10.23
29.10, 2, -0.59, 0.22, 39.70, 4.07, 10.32
29.20, 2, -0.99, 0.24, 39.73, 3.96, 10.32
29.30, 2, -1.36, 0.26, 39.86, 3.99, 10.23
29.40, 2, -1.71, 0.29, 40.03, 3.77, 10.12
29.50, 2, -2.06, 0.34, 40.05, 3.83, 10.17
29.60, 2, -2.40, 0.40, 39.98, 3.34, 10.31
29.70, 2, -2.71, 0.46, 40.00, 2.99, 10.37
29.80, 2, -2.96, 0.51, 40.12, 2.79, 10.33
29.90, 2, -3.15, 0.55, 40.33, 2.95, 10.19
30.00, 2, -3.34, 0.59, 40.45, 2.42, 10.14
30.10, 2, -3.58, 0.64, 40.47, 2.46, 10.20
30.20, 2, -3.77, 0.68, 40.55, 2.02, 10.19
30.30, 2, -3.90, 0.72, 40.73, 2.44, 10.08
30.40, 2, -4.02, 0.76, 40.81, 1.74, 10.06
30.50, 2, -4.13, 0.80, 40.73, 1.04, 10.18
30.60, 2, -4.15, 0.84, 40.70, 0.43, 10.22
30.70, 2, -4.10, 0.88, 40.76, 1.40, 10.15
30.80, 2, -4.00, 0.93, 40.83, 1.34, 10.04
30.90, 2, -3.96, 1.01, 40.76, 2.23, 10.10
31.00, 2, -3.93, 1.08, 40.59, 1.56, 10.25
31.10, 2, -3.82, 1.13, 40.51, 1.63, 10.29
31.20, 2, -3.63, 1.16, 40.51, 2.29, 10.23
31.30, 2, -3.37, 1.14, 40.58, 3.26, 10.07
31.40, 2, -3.10, 1.11, 40.56, 2.84, 10.00
31.50, 2, -2.89, 1.10, 40.31, 3.86, 10.17
31.60, 2, -2.65, 1.09, 40.03, 3.53, 10.37
31.70, 2, -2.36, 1.05, 39.84, 3.49, 10.48
31.80, 2, -2.03, 0.99, 39.74, 3.67, 10.50
31.90, 2, -1.65, 0.92, 39.74, 4.13, 10.43
32.00, 2, -1.24, 0.83, 39.84, 4.57, 10.27
32.10, 2, -0.82, 0.73, 39.90, 4.14, 10.16
32.20, 2, -0.42, 0.61, 39.83, 4.47, 10.20
32.30, 2, -0.01, 0.47, 39.74, 4.47, 10.27
32.40, 2, 0.42, 0.33, 39.75, 4.55, 10.26
32.50, 2, 0.84, 0.17, 39.86, 4.82, 10.18
32.60, 2, 1.24, -0.01, 40.04, 4.76, 10.04
32.70, 2, 1.65, -0.19, 40.10, 4.67, 10.04
32.80, 2, 2.07, -0.37, 40.06, 4.55, 10.16
32.90, 2, 2.46, -0.56, 40.11, 4.28, 10.20
33.00, 2, 2.81, -0.72, 40.26, 4.07, 10.16
33.10, 2, 3.10, -0.85, 40.50, 4.04, 10.03
33.20, 2, 3.41, -0.97, 40.64, 3.59, 10.01
33.30, 2, 3.73, -1.10, 40.67, 3.46, 10.11
33.40, 2, 4.00, -1.22, 40.78, 2.91, 10.13
33.50, 2, 4.18, -1.31, 40.96, 2.69, 10.05
33.60, 2, 4.31, -1.39, 41.11, 1.68, 9.97
33.70, 2, 4.47, -1.49, 41.09, 2.72, 10.08
33.80, 2, 4.63, -1.59, 41.00, 1.47, 10.24
33.90, 2, 4.69, -1.66, 40.98, 0.50, 10.30
34.00, 2, 4.66, -1.68, 41.04, 1.19, 10.24
34.10, 2, 4.54, -1.69, 41.17, 2.41, 10.07
34.20, 2, 4.39, -1.69, 41.19, 1.74, 9.99
34.30, 2, 4.28, -1.71, 40.95, 3.58, 10.15
34.40, 2, 4.12, -1.72, 40.66, 3.23, 10.36
34.50, 2, 3.89, -1.70, 40.44, 3.25, 10.46
34.60, 2, 3.58, -1.64, 40.30, 3.64, 10.47
34.70, 2, 3.21, -1.55, 40.25, 4.18, 10.38
34.80, 2, 2.78, -1.43, 40.29, 4.85, 10.20
34.90, 2, 2.36, -1.29, 40.28, 4.15, 10.09
35.00, 2, 2.00, -1.14, 40.10, 4.53, 10.16
35.10, 2, 1.63, -0.95, 39.92, 4.61, 10.26
35.20, 2, 1.23, -0.74, 39.83, 4.70, 10.27
35.30, 2, 0.79, -0.52, 39.83, 5.14, 10.21
35.40, 2, 0.32, -0.28, 39.94, 5.60, 10.07
35.50, 2, -0.15, -0.04, 39.99, 5.27, 10.01
35.60, 2, -0.60, 0.19, 39.95, 4.93, 10.07
35.70, 2, -1.04, 0.39, 39.93, 4.84, 10.13
35.80, 2, -1.48, 0.59, 40.02, 4.86, 10.11
35.90, 2, -1.89, 0.77, 40.20, 4.95, 10.01
36.00, 2, -2.31, 0.94, 40.36, 4.69, 9.95
36.10, 2, -2.75, 1.09, 40.40, 4.69, 10.05
36.20, 2, -3.16, 1.23, 40.43, 4.19, 10.15
36.30, 2, -3.53, 1.34, 40.55, 3.85, 10.17
36.40, 2, -3.83, 1.41, 40.76, 3.79, 10.10
36.50, 2, -4.08, 1.48, 41.06, 4.05, 9.94
36.60, 2, -4.33, 1.55, 41.26, 3.25, 9.88
36.70, 2, -4.65, 1.65, 41.24, 3.61, 10.05
36.80, 2, -4.93, 1.73, 41.17, 2.46, 10.26
36.90, 2, -5.12, 1.78, 41.18, 1.48, 10.35
37.00, 2, -5.21, 1.80, 41.25, 1.20, 10.34
37.10, 2, -5.20, 1.79, 41.40, 1.90, 10.21
37.20, 2, -5.07, 1.74, 41.59, 2.91, 9.97
37.30, 2, -4.93, 1.70, 41.67, 0.99, 9.83
37.40, 2, -4.91, 1.68, 41.49, 3.17, 9.97
37.50, 2, -4.89, 1.67, 41.21, 2.58, 10.20
37.60, 2, -4.77, 1.63, 41.00, 2.43, 10.32
37.70, 2, -4.56, 1.56, 40.86, 2.85, 10.33
37.80, 2, -4.26, 1.46, 40.81, 3.66, 10.24
37.90, 2, -3.88, 1.34, 40.83, 4.44, 10.05
38.00, 2, -3.49, 1.23, 40.75, 4.33, 9.96
38.10, 2, -3.13, 1.15, 40.48, 4.76, 10.08
38.20, 2, -2.75, 1.06, 40.22, 4.87, 10.21
38.30, 2, -2.29, 0.94, 40.04, 5.14, 10.27
38.40, 2, -1.79, 0.80, 39.95, 5.51, 10.24
38.50, 2, -1.25, 0.65, 39.96, 5.87, 10.14
38.60, 2, -0.67, 0.49, 40.06, 6.30, 9.97
38.70, 2, -0.09, 0.34, 40.07, 6.03, 9.94
38.80, 2, 0.46, 0.18, 39.97, 5.60, 10.04
38.90, 2, 0.99, 0.02, 39.97, 5.53, 10.08
39.00, 2, 1.50, -0.15, 40.07, 5.48, 10.04
39.10, 2, 1.98, -0.32, 40.27, 5.53, 9.94
39.20, 2, 2.44, -0.50, 40.39, 4.83, 9.93
39.30, 2, 2.85, -0.68, 40.43, 4.26, 10.01
39.40, 2, 3.20, -0.85, 40.56, 3.97, 10.01
39.50, 2, 3.50, -1.00, 40.78, 4.24, 9.91
39.60, 2, 3.79, -1.15, 40.96, 3.32, 9.87
39.70, 2, 4.08, -1.28, 40.98, 3.21, 9.98
39.80, 2, 4.35, -1.36, 40.98, 2.41, 10.11
39.90, 2, 4.53, -1.41, 41.06, 1.95, 10.12
40.00, 2, 4.63, -1.44, 41.22, 2.06, 10.03
40.10, 2, 4.67, -1.42, 41.38, 1.31, 9.91
40.20, 2, 4.72, -1.37, 41.35, 1.91, 9.94
40.30, 2, 4.74, -1.31, 41.22, 1.32, 10.06
40.40, 2, 4.68, -1.21, 41.16, 1.56, 10.07
40.50, 2, 4.51, -1.11, 41.17, 2.50, 9.97
40.60, 2, 4.32, -1.02, 41.13, 2.10, 9.91
40.70, 2, 4.15, -0.94, 41.00, 2.55, 9.96
40.80, 2, 3.93, -0.85, 40.88, 2.95, 9.97
40.90, 2, 3.61, -0.75, 40.84, 3.70, 9.88
41.00, 2, 3.30, -0.67, 40.72, 3.73, 9.88
41.10, 2, 3.01, -0.59, 40.50, 3.82, 9.98
41.20, 2, 2.66, -0.49, 40.36, 4.06, 10.01
41.30, 2, 2.26, -0.36, 40.31, 4.43, 9.96
41.40, 2, 1.82, -0.24, 40.32, 4.57, 9.85
41.50, 2, 1.42, -0.15, 40.21, 4.49, 9.89
41.60, 2, 1.05, -0.07, 40.01, 4.23, 10.04
41.70, 2, 0.65, -0.00, 39.91, 4.18, 10.11
41.80, 2, 0.23, 0.07, 39.90, 4.32, 10.10
41.90, 2, -0.19, 0.14, 40.00, 4.42, 10.01
42.00, 2, -0.58, 0.23, 40.08, 3.94, 9.94
42.10, 2, -0.97, 0.31, 40.07, 4.06, 9.98
42.20, 2, -1.37, 0.36, 40.08, 3.94, 10.02
42.30, 2, -1.75, 0.40, 40.18, 4.04, 9.98
42.40, 2, -2.09, 0.43, 40.38, 4.06, 9.86
42.50, 2, -2.43, 0.46, 40.48, 3.67, 9.84
42.60, 2, -2.80, 0.47, 40.39, 3.92, 10.02
42.70, 2, -3.15, 0.45, 40.33, 3.28, 10.18
42.80, 2, -3.45, 0.42, 40.35, 2.80, 10.25
42.90, 2, -3.68, 0.38, 40.47, 2.57, 10.23
43.00, 2, -3.84, 0.34, 40.67, 2.71, 10.10
43.10, 2, -3.95, 0.29, 40.85, 1.67, 9.97
43.20, 2, -4.08, 0.26, 40.85, 2.34, 10.03
43.30, 2, -4.24, 0.26, 40.75, 1.28, 10.18
43.40, 2, -4.31, 0.24, 40.74, 0.39, 10.22
43.50, 2, -4.29, 0.23, 40.80, 1.22, 10.15
43.60, 2, -4.17, 0.23, 40.94, 2.40, 9.98
43.70, 2, -4.04, 0.24, 40.97, 1.55, 9.90
43.80, 2, -3.97, 0.29, 40.76, 3.14, 10.06
43.90, 2, -3.90, 0.36, 40.50, 2.56, 10.28
44.00, 2, -3.76, 0.43, 40.32, 2.35, 10.39
44.10, 2, -3.54, 0.49, 40.23, 2.62, 10.40
44.20, 2, -3.26, 0.54, 40.23, 3.21, 10.31
44.30, 2, -2.91, 0.60, 40.32, 4.09, 10.13
44.40, 2, -2.52, 0.67, 40.34, 4.20, 10.01
44.50, 2, -2.14, 0.77, 40.16, 4.51, 10.10
44.60, 2, -1.76, 0.86, 39.95, 4.42, 10.24
44.70, 2, -1.34, 0.92, 39.83, 4.50, 10.30
44.80, 2, -0.88, 0.97, 39.81, 4.72, 10.27
44.90, 2, -0.40, 1.00, 39.89, 5.08, 10.17
45.00, 2, 0.09, 1.03, 40.06, 5.52, 9.99
45.10, 2, 0.60, 1.07, 40.14, 5.23, 9.93
45.20, 2, 1.10, 1.14, 40.08, 4.91, 10.05
45.30, 2, 1.57, 1.21, 40.06, 4.62, 10.13
45.40, 2, 2.01, 1.25, 40.14, 4.42, 10.14
45.50, 2, 2.41, 1.25, 40.32, 4.43, 10.05
45.60, 2, 2.77, 1.22, 40.57, 4.44, 9.90
45.70, 2, 3.14, 1.17, 40.71, 3.97, 9.87
45.80, 2, 3.53, 1.11, 40.74, 4.03, 9.97
45.90, 2, 3.88, 1.01, 40.84, 3.60, 10.00
46.00, 2, 4.16, 0.88, 41.03, 3.67, 9.92
46.10, 2, 4.41, 0.76, 41.24, 3.30, 9.84
46.20, 2, 4.69, 0.64, 41.28, 3.34, 9.92
46.30, 2, 4.93, 0.49, 41.24, 2.48, 10.07
46.40, 2, 5.06, 0.32, 41.26, 2.00, 10.11
46.50, 2, 5.10, 0.15, 41.35, 2.19, 10.04
46.60, 2, 5.03, -0.03, 41.52, 3.03, 9.86
46.70, 2, 4.95, -0.23, 41.57, 2.18, 9.78
46.80, 2, 4.95, -0.44, 41.35, 4.22, 9.98
46.90, 2, 4.94, -0.65, 41.02, 3.60, 10.26
47.00, 2, 4.83, -0.85, 40.77, 3.30, 10.45
47.10, 2, 4.63, -1.04, 40.60, 3.40, 10.53
47.20, 2, 4.33, -1.22, 40.50, 3.83, 10.51
47.30, 2, 3.95, -1.38, 40.48, 4.46, 10.40
47.40, 2, 3.49, -1.51, 40.55, 5.29, 10.19
47.50, 2, 2.98, -1.62, 40.59, 5.27, 10.00
47.60, 2, 2.48, -1.71, 40.43, 5.79, 10.03
47.70, 2, 1.97, -1.79, 40.17, 5.87, 10.19
47.80, 2, 1.41, -1.84, 39.99, 5.94, 10.27
47.90, 2, 0.82, -1.84, 39.91, 6.01, 10.29
48.00, 2, 0.21, -1.81, 39.93, 6.19, 10.23
48.10, 2, -0.41, -1.75, 40.04, 6.45, 10.12
48.20, 2, -1.03, -1.66, 40.25, 6.96, 9.94
48.30, 2, -1.68, -1.59, 40.36, 6.48, 9.91
48.40, 2, -2.31, -1.52, 40.37, 6.20, 10.02
48.50, 2, -2.89, -1.42, 40.47, 5.93, 10.06
48.60, 2, -3.43, -1.28, 40.67, 5.88, 10.03
48.70, 2, -3.92, -1.11, 40.95, 6.06, 9.93
48.80, 2, -4.42, -0.95, 41.25, 5.96, 9.85
48.90, 2, -4.95, -0.83, 41.47, 5.82, 9.90
49.00, 2, -5.44, -0.72, 41.68, 5.15, 9.96
49.10, 2, -5.82, -0.59, 41.97, 4.74, 9.94
49.20, 2, -6.09, -0.44, 42.31, 4.78, 9.82
49.30, 2, -6.38, -0.27, 42.57, 3.96, 9.80
49.40, 2, -6.67, -0.10, 42.66, 3.25, 9.92
49.50, 2, -6.86, 0.09, 42.76, 2.47, 9.97
49.60, 2, -6.90, 0.27, 42.90, 2.36, 9.90
49.70, 2, -6.84, 0.42, 43.04, 2.01, 9.76
49.80, 2, -6.82, 0.56, 43.05, 1.92, 9.75
49.90, 2, -6.88, 0.73, 42.93, 2.43, 9.89
50.00, 2, -6.87, 0.92, 42.82, 2.25, 9.98
50.10, 2, -6.71, 1.08, 42.74, 2.72, 9.95
50.20, 2, -6.43, 1.21, 42.70, 3.71, 9.80
50.30, 2, -6.14, 1.34, 42.56, 3.73, 9.73
50.40, 2, -5.98, 1.48, 42.19, 5.18, 9.95
50.50, 2, -5.82, 1.61, 41.73, 4.92, 10.24
50.60, 2, -5.55, 1.71, 41.33, 5.00, 10.43
50.70, 2, -5.17, 1.77, 41.00, 5.34, 10.53
50.80, 2, -4.69, 1.81, 40.73, 5.84, 10.54
50.90, 2, -4.11, 1.81, 40.53, 6.41, 10.48
51.00, 2, -3.45, 1.78, 40.42, 7.07, 10.34
51.10, 2, -2.71, 1.72, 40.39, 7.78, 10.14
51.20, 2, -1.94, 1.66, 40.31, 7.85, 10.02
51.30, 2, -1.18, 1.57, 40.13, 7.79, 10.07
51.40, 2, -0.43, 1.44, 39.97, 7.96, 10.15
51.50, 2, 0.35, 1.28, 39.90, 7.97, 10.19
51.60, 2, 1.13, 1.09, 39.94, 8.09, 10.19
51.70, 2, 1.89, 0.88, 40.07, 8.04, 10.15
51.80, 2, 2.62, 0.65, 40.29, 7.87, 10.08
51.90, 2, 3.28, 0.39, 40.61, 7.75, 9.96
52.00, 2, 3.91, 0.10, 40.94, 7.64, 9.87
52.10, 2, 4.53, -0.19, 41.20, 6.97, 9.90
52.20, 2, 5.09, -0.49, 41.43, 6.68, 9.98
52.30, 2, 5.57, -0.77, 41.75, 6.20, 9.99
52.40, 2, 5.94, -1.03, 42.13, 5.70, 9.91
52.50, 2, 6.23, -1.26, 42.54, 5.30, 9.80
52.60, 2, 6.55, -1.47, 42.82, 4.53, 9.83
52.70, 2, 6.86, -1.65, 42.99, 3.67, 9.95
52.80, 2, 7.06, -1.79, 43.22, 3.00, 9.95
52.90, 2, 7.10, -1.90, 43.47, 2.86, 9.83
53.00, 2, 7.14, -2.02, 43.65, 2.03, 9.77
53.10, 2, 7.26, -2.19, 43.67, 2.27, 9.88
53.20, 2, 7.32, -2.35, 43.64, 1.49, 9.98
53.30, 2, 7.23, -2.48, 43.65, 1.93, 9.94
53.40, 2, 6.99, -2.56, 43.68, 3.22, 9.77
53.50, 2, 6.74, -2.64, 43.60, 3.00, 9.66
53.60, 2, 6.62, -2.79, 43.29, 4.65, 9.83
53.70, 2, 6.51, -2.94, 42.88, 4.51, 10.09
53.80, 2, 6.26, -3.04, 42.51, 4.74, 10.23
53.90, 2, 5.89, -3.08, 42.18, 5.34, 10.26
54.00, 2, 5.39, -3.06, 41.90, 6.09, 10.20
54.10, 2, 4.79, -2.97, 41.68, 6.89, 10.05
54.20, 2, 4.12, -2.87, 41.45, 7.45, 9.91
54.30, 2, 3.48, -2.78, 41.08, 7.66, 9.97
54.40, 2, 2.85, -2.68, 40.64, 7.86, 10.14
54.50, 2, 2.15, -2.53, 40.28, 8.06, 10.27
54.60, 2, 1.41, -2.33, 40.01, 8.26, 10.35
54.70, 2, 0.63, -2.08, 39.83, 8.53, 10.40
54.80, 2, -0.17, -1.79, 39.75, 8.69, 10.41
54.90, 2, -0.98, -1.45, 39.75, 8.83, 10.39
55.00, 2, -1.77, -1.08, 39.86, 8.90, 10.35
55.10, 2, -2.54, -0.68, 40.06, 8.89, 10.28
55.20, 2, -3.26, -0.26, 40.35, 8.77, 10.19
55.30, 2, -3.93, 0.16, 40.74, 8.86, 10.06
55.40, 2, -4.57, 0.60, 41.20, 9.21, 9.94
55.50, 2, -5.22, 1.05, 41.62, 8.88, 9.93
55.60, 2, -5.84, 1.50, 42.01, 8.29, 10.01
55.70, 2, -6.33, 1.94, 42.46, 7.75, 10.04
55.80, 2, -6.70, 2.34, 42.96, 7.16, 10.00
55.90, 2, -6.94, 2.70, 43.50, 6.69, 9.88
56.00, 2, -7.15, 3.06, 44.01, 6.46, 9.82
56.10, 2, -7.40, 3.46, 44.42, 6.13, 9.89
56.20, 2, -7.59, 3.83, 44.81, 5.27, 9.96
56.30, 2, -7.62, 4.12, 45.19, 4.62, 9.91
56.40, 2, -7.51, 4.32, 45.59, 4.64, 9.72
56.50, 2, -7.40, 4.52, 45.88, 3.12, 9.60
56.60, 2, -7.44, 4.81, 45.97, 3.44, 9.73
56.70, 2, -7.48, 5.08, 45.95, 2.31, 9.91
56.80, 2, -7.37, 5.26, 45.92, 2.23, 9.93
56.90, 2, -7.11, 5.33, 45.86, 3.52, 9.80
57.00, 2, -6.84, 5.40, 45.71, 3.21, 9.72
57.10, 2, -6.71, 5.60, 45.38, 5.10, 9.89
57.20, 2, -6.56, 5.82, 44.96, 5.04, 10.12
57.30, 2, -6.28, 5.93, 44.54, 5.49, 10.22
57.40, 2, -5.86, 5.93, 44.12, 6.37, 10.21
57.50, 2, -5.33, 5.82, 43.71, 7.37, 10.09
57.60, 2, -4.69, 5.57, 43.31, 8.49, 9.89
57.70, 2, -4.06, 5.31, 42.80, 8.79, 9.82
57.80, 2, -3.45, 5.13, 42.13, 9.68, 10.01
57.90, 2, -2.79, 4.91, 41.44, 9.98, 10.26
58.00, 2, -2.07, 4.59, 40.81, 10.24, 10.48
58.10, 2, -1.30, 4.19, 40.25, 10.44, 10.69
58.20, 2, -0.50, 3.70, 39.78, 10.63, 10.88
58.30, 2, 0.32, 3.14, 39.39, 10.71, 11.07
58.40, 2, 1.14, 2.51, 39.08, 10.77, 11.26
58.50, 2, 1.95, 1.84, 38.87, 10.74, 11.44
58.60, 2, 2.73, 1.12, 38.76, 10.57, 11.62
58.70, 2, 3.46, 0.38, 38.74, 10.36, 11.79
58.80, 2, 4.15, -0.37, 38.81, 10.08, 11.94
58.90, 2, 4.77, -1.12, 38.97, 9.76, 12.07
59.00, 2, 5.32, -1.87, 39.22, 9.37, 12.17
59.10, 2, 5.78, -2.58, 39.54, 8.97, 12.23
59.20, 2, 6.16, -3.27, 39.94, 8.53, 12.24
59.30, 2, 6.43, -3.90, 40.41, 8.14, 12.19
59.40, 2, 6.60, -4.47, 40.93, 7.83, 12.07
59.50, 2, 6.67, -4.97, 41.51, 7.63, 11.88
59.60, 2, 6.63, -5.39, 42.14, 7.58, 11.61
59.70, 2, 6.47, -5.72, 42.81, 7.69, 11.24
59.80, 2, 6.20, -5.95, 43.51, 8.04, 10.77
59.90, 2, 5.83, -6.07, 44.23, 8.55, 10.20
60.00, 2, 5.47, -6.19, 44.87, 6.39, 9.73
60.10, 2, 5.23, -6.44, 45.31, 4.88, 9.53
60.20, 2, 5.10, -6.81, 45.53, 4.56, 9.61
60.30, 2, 4.98, -7.16, 45.65, 3.43, 9.75
60.40, 2, 4.77, -7.37, 45.75, 3.10, 9.75
60.50, 2, 4.46, -7.42, 45.84, 3.61, 9.60
60.60, 2, 4.15, -7.47, 45.83, 3.20, 9.51
60.70, 2, 3.91, -7.69, 45.64, 4.63, 9.66
60.80, 2, 3.66, -7.91, 45.35, 4.43, 9.88
60.90, 2, 3.33, -7.98, 45.05, 4.73, 9.96
61.00, 2, 2.94, -7.88, 44.75, 5.48, 9.91
61.10, 2, 2.49, -7.62, 44.45, 6.48, 9.75
61.20, 2, 2.04, -7.36, 44.04, 6.98, 9.68
61.30, 2, 1.59, -7.13, 43.48, 8.19, 9.80
61.40, 2, 1.12, -6.79, 42.86, 8.78, 9.92
61.50, 2, 0.63, -6.31, 42.28, 9.30, 9.99
61.60, 2, 0.12, -5.70, 41.76, 9.81, 10.02
61.70, 2, -0.38, -4.97, 41.29, 10.24, 10.03
61.80, 2, -0.89, -4.14, 40.90, 10.69, 10.03
61.90, 2, -1.38, -3.22, 40.59, 11.18, 10.04
62.00, 2, -1.85, -2.22, 40.36, 11.44, 10.07
62.10, 2, -2.28, -1.16, 40.21, 11.54, 10.12
62.20, 2, -2.67, -0.07, 40.16, 11.58, 10.19
62.30, 2, -3.01, 1.03, 40.20, 11.51, 10.30
62.40, 2, -3.29, 2.12, 40.34, 11.28, 10.43
62.50, 2, -3.52, 3.18, 40.56, 10.96, 10.57
62.60, 2, -3.68, 4.20, 40.86, 10.54, 10.71
62.70, 2, -3.78, 5.15, 41.25, 10.01, 10.84
62.80, 2, -3.81, 6.01, 41.69, 9.46, 10.94
62.90, 2, -3.77, 6.77, 42.20, 8.90, 11.00
63.00, 2, -3.67, 7.42, 42.76, 8.33, 11.00
63.10, 2, -3.50, 7.93, 43.35, 7.83, 10.93
63.20, 2, -3.27, 8.31, 43.97, 7.51, 10.77
63.30, 2, -2.97, 8.54, 44.61, 7.41, 10.52
63.40, 2, -2.62, 8.61, 45.27, 7.58, 10.17
63.50, 2, -2.24, 8.69, 45.83, 6.19, 9.89
63.60, 2, -1.90, 8.92, 46.20, 5.22, 9.88
63.70, 2, -1.57, 9.15, 46.46, 4.56, 9.94
63.80, 2, -1.20, 9.20, 46.69, 4.43, 9.85
63.90, 2, -0.79, 9.07, 46.90, 5.27, 9.61
64.00, 2, -0.36, 8.94, 47.02, 4.31, 9.43
64.10, 2, 0.07, 9.00, 46.98, 4.73, 9.50
64.20, 2, 0.49, 9.07, 46.85, 4.36, 9.62
64.30, 2, 0.90, 8.96, 46.69, 4.92, 9.59
64.40, 2, 1.28, 8.68, 46.51, 5.33, 9.44
64.50, 2, 1.67, 8.42, 46.24, 5.66, 9.37
64.60, 2, 2.09, 8.34, 45.79, 6.95, 9.58
64.70, 2, 2.51, 8.27, 45.24, 7.07, 9.86
64.80, 2, 2.88, 8.02, 44.68, 7.41, 10.04
64.90, 2, 3.20, 7.60, 44.12, 8.01, 10.13
65.00, 2, 3.45, 7.04, 43.57, 8.66, 10.14
65.10, 2, 3.64, 6.33, 43.04, 9.39, 10.09
65.20, 2, 3.76, 5.50, 42.56, 10.07, 9.99
65.30, 2, 3.80, 4.54, 42.11, 11.00, 9.87
65.40, 2, 3.78, 3.49, 41.72, 11.42, 9.75
65.50, 2, 3.74, 2.40, 41.33, 11.81, 9.75
65.60, 2, 3.68, 1.28, 40.92, 12.18, 9.88
65.70, 2, 3.54, 0.11, 40.59, 12.29, 10.06
65.80, 2, 3.33, -1.07, 40.34, 12.21, 10.27
65.90, 2, 3.05, -2.23, 40.18, 12.01, 10.52
66.00, 2, 2.71, -3.37, 40.11, 11.72, 10.79
66.10, 2, 2.32, -4.45, 40.13, 11.30, 11.07
66.20, 2, 1.88, -5.46, 40.22, 10.78, 11.35
66.30, 2, 1.40, -6.37, 40.39, 10.20, 11.61
66.40, 2, 0.90, -7.19, 40.63, 9.58, 11.84
66.50, 2, 0.38, -7.89, 40.93, 8.96, 12.02
66.60, 2, -0.16, -8.46, 41.29, 8.33, 12.15
66.70, 2, -0.70, -8.90, 41.69, 7.78, 12.20
66.80, 2, -1.23, -9.20, 42.13, 7.34, 12.17
66.90, 2, -1.75, -9.35, 42.61, 7.09, 12.04
67.00, 2, -2.24, -9.34, 43.11, 7.04, 11.82
67.10, 2, -2.70, -9.18, 43.63, 7.28, 11.49
67.20, 2, -3.11, -8.86, 44.17, 7.79, 11.05
67.30, 2, -3.48, -8.37, 44.71, 8.57, 10.50
67.40, 2, -3.87, -7.88, 45.15, 6.88, 10.03
67.50, 2, -4.33, -7.54, 45.39, 5.87, 9.84
67.60, 2, -4.85, -7.28, 45.50, 6.01, 9.83
67.70, 2, -5.33, -6.94, 45.58, 5.98, 9.80
67.80, 2, -5.71, -6.46, 45.66, 6.48, 9.65
67.90, 2, -6.06, -5.93, 45.64, 6.29, 9.54
68.00, 2, -6.47, -5.49, 45.45, 6.48, 9.63
68.10, 2, -6.85, -5.04, 45.19, 6.49, 9.77
68.20, 2, -7.09, -4.49, 44.92, 6.81, 9.81
68.30, 2, -7.19, -3.84, 44.66, 7.42, 9.74
68.40, 2, -7.14, -3.11, 44.41, 8.05, 9.59
68.50, 2, -7.09, -2.39, 44.06, 8.25, 9.55
68.60, 2, -7.05, -1.68, 43.62, 8.52, 9.66
68.70, 2, -6.88, -0.95, 43.19, 8.88, 9.72
68.80, 2, -6.56, -0.18, 42.81, 9.46, 9.74
68.90, 2, -6.11, 0.61, 42.46, 10.09, 9.72
69.00, 2, -5.52, 1.40, 42.17, 10.60, 9.69
69.10, 2, -4.83, 2.19, 41.94, 10.90, 9.65
69.20, 2, -4.04, 2.93, 41.77, 11.01, 9.63
69.30, 2, -3.16, 3.61, 41.64, 11.43, 9.63
69.40, 2, -2.19, 4.21, 41.58, 11.42, 9.66
69.50, 2, -1.16, 4.73, 41.59, 11.66, 9.72
69.60, 2, -0.08, 5.15, 41.67, 11.57, 9.80
69.70, 2, 1.01, 5.46, 41.81, 11.31, 9.90
69.80, 2, 2.08, 5.66, 42.01, 11.00, 10.01
69.90, 2, 3.13, 5.74, 42.28, 10.69, 10.12
70.00, 2, 4.12, 5.71, 42.59, 10.24, 10.22
70.10, 2, 5.04, 5.57, 42.96, 9.80, 10.29
70.20, 2, 5.87, 5.31, 43.37, 9.36, 10.33
70.30, 2, 6.58, 4.95, 43.80, 8.94, 10.31
70.40, 2, 7.18, 4.50, 44.26, 8.64, 10.23
70.50, 2, 7.63, 3.95, 44.73, 8.47, 10.08
70.60, 2, 7.94, 3.33, 45.21, 8.59, 9.85
70.70, 2, 8.26, 2.68, 45.61, 8.00, 9.73
70.80, 2, 8.68, 2.09, 45.88, 7.62, 9.83
70.90, 2, 9.03, 1.49, 46.12, 7.05, 9.93
71.00, 2, 9.19, 0.86, 46.35, 6.81, 9.93
71.10, 2, 9.17, 0.21, 46.55, 7.04, 9.80
71.20, 2, 9.02, -0.48, 46.69, 7.42, 9.63
71.30, 2, 8.94, -1.19, 46.71, 7.02, 9.60
71.40, 2, 8.88, -1.90, 46.65, 7.27, 9.68
71.50, 2, 8.66, -2.59, 46.55, 7.47, 9.68
71.60, 2, 8.26, -3.24, 46.43, 8.17, 9.57
71.70, 2, 7.86, -3.90, 46.20, 8.18, 9.56
71.80, 2, 7.47, -4.54, 45.88, 8.16, 9.67
71.90, 2, 6.95, -5.09, 45.54, 8.58, 9.70
72.00, 2, 6.28, -5.53, 45.19, 9.10, 9.65
72.10, 2, 5.50, -5.89, 44.81, 9.68, 9.58
72.20, 2, 4.71, -6.26, 44.37, 9.84, 9.65
72.30, 2, 3.92, -6.58, 43.86, 10.01, 9.82
72.40, 2, 3.05, -6.77, 43.38, 10.31, 9.94
72.50, 2, 2.11, -6.82, 42.93, 10.68, 10.05
72.60, 2, 1.11, -6.74, 42.52, 11.03, 10.13
72.70, 2, 0.09, -6.52, 42.15, 11.25, 10.21
72.80, 2, -0.94, -6.17, 41.83, 11.46, 10.29
72.90, 2, -1.96, -5.70, 41.56, 11.65, 10.37
73.00, 2, -2.95, -5.11, 41.35, 11.79, 10.47
73.10, 2, -3.89, -4.42, 41.21, 11.81, 10.58
73.20, 2, -4.77, -3.63, 41.14, 11.75, 10.70
73.30, 2, -5.56, -2.78, 41.13, 11.62, 10.83
73.40, 2, -6.26, -1.87, 41.18, 11.42, 10.97
73.50, 2, -6.85, -0.91, 41.30, 11.19, 11.11
73.60, 2, -7.33, 0.07, 41.48, 10.93, 11.23
73.70, 2, -7.67, 1.06, 41.72, 10.63, 11.34
73.80, 2, -7.89, 2.04, 42.00, 10.31, 11.42
73.90, 2, -7.97, 2.99, 42.33, 9.98, 11.46
74.00, 2, -7.90, 3.90, 42.69, 9.70, 11.45
74.10, 2, -7.71, 4.75, 43.08, 9.48, 11.39
74.20, 2, -7.37, 5.52, 43.50, 9.38, 11.27
74.30, 2, -6.90, 6.21, 43.94, 9.43, 11.09
74.40, 2, -6.31, 6.79, 44.39, 9.55, 10.83
74.50, 2, -5.59, 7.25, 44.85, 9.86, 10.50
74.60, 2, -4.76, 7.57, 45.30, 10.16, 10.11
74.70, 2, -3.93, 7.90, 45.65, 9.13, 9.84
74.80, 2, -3.19, 8.38, 45.82, 9.02, 9.90
74.90, 2, -2.45, 8.86, 45.88, 8.72, 10.07
75.00, 2, -1.65, 9.17, 45.92, 8.57, 10.17
75.10, 2, -0.81, 9.30, 45.95, 8.65, 10.17
75.20, 2, 0.06, 9.24, 45.95, 8.89, 10.09
75.30, 2, 0.93, 9.01, 45.93, 9.26, 9.93
75.40, 2, 1.80, 8.59, 45.90, 9.97, 9.69
75.50, 2, 2.68, 8.18, 45.77, 9.87, 9.59
75.60, 2, 3.60, 7.87, 45.47, 10.53, 9.77
75.70, 2, 4.50, 7.49, 45.09, 10.49, 10.03
75.80, 2, 5.33, 6.97, 44.72, 10.55, 10.24
75.90, 2, 6.06, 6.30, 44.35, 10.71, 10.41
76.00, 2, 6.68, 5.50, 43.98, 10.87, 10.54
76.10, 2, 7.18, 4.59, 43.62, 11.10, 10.64
76.20, 2, 7.55, 3.59, 43.29, 11.36, 10.72
76.30, 2, 7.77, 2.51, 42.97, 11.64, 10.78
76.40, 2, 7.86, 1.37, 42.68, 11.93, 10.82
76.50, 2, 7.80, 0.20, 42.43, 12.16, 10.87
76.60, 2, 7.60, -0.99, 42.22, 12.38, 10.92
76.70, 2, 7.26, -2.18, 42.04, 12.50, 10.99
76.80, 2, 6.79, -3.33, 41.92, 12.60, 11.07
76.90, 2, 6.18, -4.43, 41.83, 12.65, 11.16
77.00, 2, 5.46, -5.47, 41.80, 12.63, 11.27
77.10, 2, 4.64, -6.42, 41.81, 12.55, 11.39
77.20, 2, 3.72, -7.26, 41.86, 12.40, 11.52
77.30, 2, 2.74, -7.99, 41.96, 12.24, 11.66
77.40, 2, 1.69, -8.58, 42.10, 12.02, 11.79
77.50, 2, 0.61, -9.04, 42.27, 11.76, 11.91
77.60, 2, -0.49, -9.34, 42.48, 11.51, 12.00
77.70, 2, -1.59, -9.49, 42.71, 11.26, 12.07
77.80, 2, -2.67, -9.49, 42.97, 11.05, 12.11
77.90, 2, -3.72, -9.33, 43.24, 10.92, 12.10
78.00, 2, -4.72, -9.01, 43.53, 10.83, 12.05
78.10, 2, -5.64, -8.54, 43.83, 10.81, 11.95
78.20, 2, -6.48, -7.93, 44.14, 10.88, 11.80
78.30, 2, -7.21, -7.18, 44.44, 11.04, 11.59
78.40, 2, -7.83, -6.30, 44.75, 11.28, 11.34
78.50, 2, -8.31, -5.31, 45.05, 11.65, 11.03
78.60, 2, -8.64, -4.21, 45.34, 12.05, 10.69
78.70, 2, -8.82, -3.04, 45.61, 12.43, 10.31
78.80, 2, -8.92, -1.83, 45.82, 12.12, 10.02
78.90, 2, -9.10, -0.64, 45.89, 12.13, 10.01
79.00, 2, -9.25, 0.56, 45.89, 12.10, 10.13
79.10, 2, -9.21, 1.77, 45.87, 12.07, 10.25
79.20, 2, -8.99, 2.95, 45.82, 12.03, 10.34
79.30, 2, -8.59, 4.08, 45.75, 12.12, 10.41
79.40, 2, -8.02, 5.15, 45.67, 12.23, 10.47
79.50, 2, -7.29, 6.13, 45.56, 12.32, 10.51
79.60, 2, -6.42, 7.00, 45.44, 12.44, 10.53
79.70, 2, -5.43, 7.74, 45.31, 12.62, 10.55
79.80, 2, -4.32, 8.34, 45.16, 12.82, 10.56
79.90, 2, -3.12, 8.79, 45.01, 13.08, 10.58
80.00, 2, -1.84, 9.08, 44.85, 13.33, 10.60
80.10, 2, -0.52, 9.20, 44.69, 13.55, 10.64
80.20, 2, 0.83, 9.15, 44.52, 13.71, 10.70
80.30, 2, 2.18, 8.93, 44.36, 13.82, 10.79
80.40, 2, 3.50, 8.54, 44.20, 13.91, 10.90
80.50, 2, 4.77, 7.99, 44.05, 13.94, 11.05
80.60, 2, 5.96, 7.29, 43.90, 13.90, 11.22
80.70, 2, 7.05, 6.45, 43.76, 13.84, 11.41
80.80, 2, 8.03, 5.49, 43.63, 13.77, 11.63
80.90, 2, 8.87, 4.43, 43.51, 13.64, 11.85
81.00, 2, 9.58, 3.28, 43.39, 13.49, 12.09
81.10, 2, 10.13, 2.06, 43.29, 13.32, 12.32
81.20, 2, 10.52, 0.80, 43.20, 13.16, 12.55
81.30, 2, 10.74, -0.48, 43.11, 12.98, 12.77
81.40, 2, 10.80, -1.76, 43.03, 12.84, 12.97
81.50, 2, 10.69, -3.03, 42.97, 12.71, 13.15
81.60, 2, 10.41, -4.26, 42.90, 12.61, 13.30
81.70, 2, 9.98, -5.44, 42.85, 12.55, 13.43
finished physics 
81.80, 3, 9.39, -6.54, 42.80, 12.53, 13.52
done
81.90, 3, 9.39, -6.54, 42.80, 0.00, 13.52
done
82.00, 3, 9.39, -6.54, 42.80, 0.00, 13.52
done
82.10, 3, 9.39, -6.54, 42.80, 0.00, 13.52
done
82.20, 3, 9.39, -6.54, 42.80, 0.00, 13.52
done
82.30, 3, 9.39, -6.54, 42.80, 0.00, 13.52
done
82.40, 3, 9.39, -6.54, 42.80, 0.00, 13.52
done
82.50, 3, 9.39, -6.54, 42.80, 0.00, 13.52
done
82.60, 3, 9.39, -6.54, 42.80, 0.00, 13.52
done
82.70, 3, 9.39, -6.54, 42.80, 0.00, 13.52
done
82.80, 3, 9.39, -6.54, 42.80, 0.00, 13.52
done
82.90, 3, 9.39, -6.54, 42.80, 0.00, 13.52
done
83.00, 3, 9.39, -6.54, 42.80, 0.00, 13.52
done
83.10, 3, 9.39, -6.54, 42.80, 0.00, 13.52
done
83.20, 3, 9.39, -6.54, 42.80, 0.00, 13.52
done
83.30, 3, 9.39, -6.54, 42.80, 0.00, 13.52
done
83.40, 3, 9.39, -6.54, 42.80, 0.00, 13.52
done
83.50, 3, 9.39, -6.54, 42.80, 0.00, 13.52
done
83.60, 3, 9.39, -6.54, 42.80, 0.00, 13.52
done
83.70, 3, 9.39, -6.54, 42.80, 0.00, 13.52
done
83.80, 3, 9.39, -6.54, 42.80, 0.00, 13.52
done
83.90, 3, 9.39, -6.54, 42.80, 0.00, 13.52
done
84.00, 3, 9.39, -6.54, 42.80, 0.00, 13.52
done
84.10, 3, 9.39, -6.54, 42.80, 0.00, 13.52
done
84.20, 3, 9.39, -6.54, 42.80, 0.00, 13.52
done
84.30, 3, 9.39, -6.54, 42.80, 0.00, 13.52
done
84.40, 3, 9.39, -6.54, 42.80, 0.00, 13.52
done
84.50, 3, 9.39, -6.54, 42.80, 0.00, 13.52
done
84.60, 3, 9.39, -6.54, 42.80, 0.00, 13.52
done
84.70, 3, 9.39, -6.54, 42.80, 0.00, 13.52
done
84.80, 3, 9.39, -6.54, 42.80, 0.00, 13.52
done
84.90, 3, 9.39, -6.54, 42.80, 0.00, 13.52
done
85.00, 3, 9.39, -6.54, 42.80, 0.00, 13.52
done
85.10, 3, 9.39, -6.54, 42.80, 0.00, 13.52
done
85.20, 3, 9.39, -6.54, 42.80, 0.00, 13.52
done
85.30, 3, 9.39, -6.54, 42.80, 0.00, 13.52
done
85.40, 3, 9.39, -6.54, 42.80, 0.00, 13.52
done
85.50, 3, 9.39, -6.54, 42.80, 0.00, 13.52
done
85.60, 3, 9.39, -6.54, 42.80, 0.00, 13.52
done
85.70, 3, 9.39, -6.54, 42.80, 0.00, 13.52
done
85.80, 3, 9.39, -6.54, 42.80, 0.00, 13.52
done
85.90, 3, 9.39, -6.54, 42.80, 0.00, 13.52
done
86.00, 3, 9.39, -6.54, 42.80, 0.00, 13.52
done
86.10, 3, 9.39, -6.54, 42.80, 0.00, 13.52
done
86.20, 3, 9.39, -6.54, 42.80, 0.00, 13.52
done
86.30, 3, 9.39, -6.54, 42.80, 0.00, 13.52
done
86.40, 3, 9.39, -6.54, 42.80, 0.00, 13.52
done
86.50, 3, 9.39, -6.54, 42.80, 0.00, 13.52
done
86.60, 3, 9.39, -6.54, 42.80, 0.00, 13.52
done
86.70, 3, 9.39, -6.54, 42.80, 0.00, 13.52
done
86.80, 3, 9.39, -6.54, 42.80, 0.00, 13.52
done
86.90, 3, 9.39, -6.54, 42.80, 0.00, 13.52
done
87.00, 3, 9.39, -6.54, 42.80, 0.00, 13.52
done
87.10, 3, 9.39, -6.54, 42.80, 0.00, 13.52
done
87.20, 3, 9.39, -6.54, 42.80, 0.00, 13.52
done
87.30, 3, 9.39, -6.54, 42.80, 0.00, 13.52
done
87.40, 3, 9.39, -6.54, 42.80, 0.00, 13.52
done
87.50, 3, 9.39, -6.54, 42.80, 0.00, 13.52
done
87.60, 3, 9.39, -6.54, 42.80, 0.00, 13.52
done
87.70, 3, 9.39, -6.54, 42.80, 0.00, 13.52
done
87.80, 3, 9.39, -6.54, 42.80, 0.00, 13.52
done
87.90, 3, 9.39, -6.54, 42.80, 0.00, 13.52
done
88.00, 3, 9.39, -6.54, 42.80, 0.00, 13.52
done
88.10, 3, 9.39, -6.54, 42.80, 0.00, 13.52
done
88.20, 3, 9.39, -6.54, 42.80, 0.00, 13.52
done
88.30, 3, 9.39, -6.54, 42.80, 0.00, 13.52
done
88.40, 3, 9.39, -6.54, 42.80, 0.00, 13.52
done
88.50, 3, 9.39, -6.54, 42.80, 0.00, 13.52
done
88.60, 3, 9.39, -6.54, 42.80, 0.00, 13.52
done
88.70, 3, 9.39, -6.54, 42.80, 0.00, 13.52
done
88.80, 3, 9.39, -6.54, 42.80, 0.00, 13.52
done
88.90, 3, 9.39, -6.54, 42.80, 0.00, 13.52
done
89.00, 3, 9.39, -6.54, 42.80, 0.00, 13.52
done
89.10, 3, 9.39, -6.54, 42.80, 0.00, 13.52
done
89.20, 3, 9.39, -6.54, 42.80, 0.00, 13.52
done
89.30, 3, 9.39, -6.54, 42.80, 0.00, 13.52
done
89.40, 3, 9.39, -6.54, 42.80, 0.00, 13.52
done
89.50, 3, 9.39, -6.54, 42.80, 0.00, 13.52
done
89.60, 3, 9.39, -6.54, 42.80, 0.00, 13.52
done
89.70, 3, 9.39, -6.54, 42.80, 0.00, 13.52
done
89.80, 3, 9.39, -6.54, 42.80, 0.00, 13.52
done
89.90, 3, 9.39, -6.54, 42.80, 0.00, 13.52
done
90.00, 3, 9.39, -6.54, 42.80, 0.00, 13.52
done
90.10, 3, 9.39, -6.54, 42.80, 0.00, 13.52
done
90.20, 3, 9.39, -6.54, 42.80, 0.00, 13.52
done
90.30, 3, 9.39, -6.54, 42.80, 0.00, 13.52
done
90.40, 3, 9.39, -6.54, 42.80, 0.00, 13.52
done
90.50, 3, 9.39, -6.54, 42.80, 0.00, 13.52
done
90.60, 3, 9.39, -6.54, 42.80, 0.00, 13.52
done
90.70, 3, 9.39, -6.54, 42.80, 0.00, 13.52
done
90.80, 3, 9.39, -6.54, 42.80, 0.00, 13.52
done
90.90, 3, 9.39, -6.54, 42.80, 0.00, 13.52
done
91.00, 3, 9.39, -6.54, 42.80, 0.00, 13.52
done
91.10, 3, 9.39, -6.54, 42.80, 0.00, 13.52
done
91.20, 3, 9.39, -6.54, 42.80, 0.00, 13.52
done
91.30, 3, 9.39, -6.54, 42.80, 0.00, 13.52
done
91.40, 3, 9.39, -6.54, 42.80, 0.00, 13.52
done
91.50, 3, 9.39, -6.54, 42.80, 0.00, 13.52
done
91.60, 3, 9.39, -6.54, 42.80, 0.00, 13.52
done
91.70, 3, 9.39, -6.54, 42.80, 0.00, 13.52
done
91.80, 3, 9.39, -6.54, 42.80, 0.00, 13.52
done
91.90, 3, 9.39, -6.54, 42.80, 0.00, 13.52
done
92.00, 3, 9.39, -6.54, 42.80, 0.00, 13.52
done
92.10, 3, 9.39, -6.54, 42.80, 0.00, 13.52
done
92.20, 3, 9.39, -6.54, 42.80, 0.00, 13.52
done
92.30, 3, 9.39, -6.54, 42.80, 0.00, 13.52
done
92.40, 3, 9.39, -6.54, 42.80, 0.00, 13.52
done
92.50, 3, 9.39, -6.54, 42.80, 0.00, 13.52
done
92.60, 3, 9.39, -6.54, 42.80, 0.00, 13.52
done
92.70, 3, 9.39, -6.54, 42.80, 0.00, 13.52
done
92.80, 3, 9.39, -6.54, 42.80, 0.00, 13.52
done
92.90, 3, 9.39, -6.54, 42.80, 0.00, 13.52
done
93.00, 3, 9.39, -6.54, 42.80, 0.00, 13.52
done
93.10, 3, 9.39, -6.54, 42.80, 0.00, 13.52
done
93.20, 3, 9.39, -6.54, 42.80, 0.00, 13.52
done
93.30, 3, 9.39, -6.54, 42.80, 0.00, 13.52
done
93.40, 3, 9.39, -6.54, 42.80, 0.00, 13.52
done
93.50, 3, 9.39, -6.54, 42.80, 0.00, 13.52
done
93.60, 3, 9.39, -6.54, 42.80, 0.00, 13.52
done
93.70, 3, 9.39, -6.54, 42.80, 0.00, 13.52
done
93.80, 3, 9.39, -6.54, 42.80, 0.00, 13.52
done
93.90, 3, 9.39, -6.54, 42.80, 0.00, 13.52
done
94.00, 3, 9.39, -6.54, 42.80, 0.00, 13.52
done
94.10, 3, 9.39, -6.54, 42.80, 0.00, 13.52
done
94.20, 3, 9.39, -6.54, 42.80, 0.00, 13.52
done
94.30, 3, 9.39, -6.54, 42.80, 0.00, 13.52
done
94.40, 3, 9.39, -6.54, 42.80, 0.00, 13.52
done
94.50, 3, 9.39, -6.54, 42.80, 0.00, 13.52
done
94.60, 3, 9.39, -6.54, 42.80, 0.00, 13.52
done
94.70, 3, 9.39, -6.54, 42.80, 0.00, 13.52
done
94.80, 3, 9.39, -6.54, 42.80, 0.00, 13.52
done
94.90, 3, 9.39, -6.54, 42.80, 0.00, 13.52
done
95.00, 3, 9.39, -6.54, 42.80, 0.00, 13.52
done
95.10, 3, 9.39, -6.54, 42.80, 0.00, 13.52
done
95.20, 3, 9.39, -6.54, 42.80, 0.00, 13.52
done
95.30, 3, 9.39, -6.54, 42.80, 0.00, 13.52
done
95.40, 3, 9.39, -6.54, 42.80, 0.00, 13.52
done
95.50, 3, 9.39, -6.54, 42.80, 0.00, 13.52
done
95.60, 3, 9.39, -6.54, 42.80, 0.00, 13.52
done
95.70, 3, 9.39, -6.54, 42.80, 0.00, 13.52
done
95.80, 3, 9.39, -6.54, 42.80, 0.00, 13.52
done
95.90, 3, 9.39, -6.54, 42.80, 0.00, 13.52
done
96.00, 3, 9.39, -6.54, 42.80, 0.00, 13.52
done
96.10, 3, 9.39, -6.54, 42.80, 0.00, 13.52
done
96.20, 3, 9.39, -6.54, 42.80, 0.00, 13.52
done
96.30, 3, 9.39, -6.54, 42.80, 0.00, 13.52
done
96.40, 3, 9.39, -6.54, 42.80, 0.00, 13.52
done
96.50, 3, 9.39, -6.54, 42.80, 0.00, 13.52
done
96.60, 3, 9.39, -6.54, 42.80, 0.00, 13.52
done
96.70, 3, 9.39, -6.54, 42.80, 0.00, 13.52
done
96.80, 3, 9.39, -6.54, 42.80, 0.00, 13.52
done
96.90, 3, 9.39, -6.54, 42.80, 0.00, 13.52
done
97.00, 3, 9.39, -6.54, 42.80, 0.00, 13.52
done
97.10, 3, 9.39, -6.54, 42.80, 0.00, 13.52
done
97.20, 3, 9.39, -6.54, 42.80, 0.00, 13.52
done
97.30, 3, 9.39, -6.54, 42.80, 0.00, 13.52
done
97.40, 3, 9.39, -6.54, 42.80, 0.00, 13.52
done
97.50, 3, 9.39, -6.54, 42.80, 0.00, 13.52
done
97.60, 3, 9.39, -6.54, 42.80, 0.00, 13.52
done
97.70, 3, 9.39, -6.54, 42.80, 0.00, 13.52
done
97.80, 3, 9.39, -6.54, 42.80, 0.00, 13.52
done
97.90, 3, 9.39, -6.54, 42.80, 0.00, 13.52
done
98.00, 3, 9.39, -6.54, 42.80, 0.00, 13.52
done
98.10, 3, 9.39, -6.54, 42.80, 0.00, 13.52
done
98.20, 3, 9.39, -6.54, 42.80, 0.00, 13.52
done
98.30, 3, 9.39, -6.54, 42.80, 0.00, 13.52
done
98.40, 3, 9.39, -6.54, 42.80, 0.00, 13.52
done
98.50, 3, 9.39, -6.54, 42.80, 0.00, 13.52
done
98.60, 3, 9.39, -6.54, 42.80, 0.00, 13.52
done
98.70, 3, 9.39, -6.54, 42.80, 0.00, 13.52
done
98.80, 3, 9.39, -6.54, 42.80, 0.00, 13.52
done
98.90, 3, 9.39, -6.54, 42.80, 0.00, 13.52
done
99.00, 3, 9.39, -6.54, 42.80, 0.00, 13.52
done
99.10, 3, 9.39, -6.54, 42.80, 0.00, 13.52
done
99.20, 3, 9.39, -6.54, 42.80, 0.00, 13.52
done
99.30, 3, 9.39, -6.54, 42.80, 0.00, 13.52
done
99.40, 3, 9.39, -6.54, 42.80, 0.00, 13.52
done
99.50, 3, 9.39, -6.54, 42.80, 0.00, 13.52
done
99.60, 3, 9.39, -6.54, 42.80, 0.00, 13.52
done
99.70, 3, 9.39, -6.54, 42.80, 0.00, 13.52
done
99.80, 3, 9.39, -6.54, 42.80, 0.00, 13.52
done
99.90, 3, 9.39, -6.54, 42.80, 0.00, 13.52
done
